{
      "1": [
            0.0,
            0.75,
            55.29912185668945,
            0.25
      ],
      "2": [
            0.0,
            1,
            62.76304626464844,
            0.0
      ],
      "3": [
            0.0,
            0.5,
            75.22254180908203,
            0.0
      ],
      "4": [
            0.0,
            0.5,
            57.33205795288086,
            0.666666666666
      ],
      "5": [
            1,
            0.5,
            41.732643127441406,
            0.666666666666
      ],
      "6": [
            0.0,
            0.75,
            59.52411651611328,
            1
      ],
      "7": [
            0.0,
            0.75,
            73.61959838867188,
            1
      ]
}