{
    "1": [
        0.0,
        0.7183083891868591,
        0.21509802341461182,
        0.2374999225139618
    ],
    "2": [
        0.0,
        0.9649831652641296,
        0.2150980532169342,
        0.008333333767950535
    ],
    "3": [
        0.0,
        0.4936935305595398,
        0.21950982511043549,
        0.0
    ],
    "4": [
        0.0,
        0.4942152798175812,
        0.22362743318080902,
        0.606249988079071
    ],
    "5": [
        0.9999995827674866,
        0.49285584688186646,
        0.20343132317066193,
        0.45624983310699463
    ],
    "6": [
        0.0,
        0.7298378944396973,
        0.21539214253425598,
        0.8604167103767395
    ],
    "7": [
        0.0,
        0.734492301940918,
        0.5074509978294373,
        0.84375
    ]
}