{
    "1": [
        2.9682798385620117,
        2.6921143531799316,
        2.5852532386779785,
        2.949061632156372,
        2.9007630348205566,
        2.636111259460449,
        3.134228229522705,
        2.9703521728515625,
        2.8942079544067383,
        2.6064016819000244,
        3.1666667461395264,
        2.827423572540283,
        2.706214666366577,
        2.7564468383789063,
        2.759999990463257,
        2.5975608825683594,
        2.5714285373687744,
        2.6351709365844727,
        2.885496139526367
    ],
    "2": [
        3.7093024253845215,
        3.961538314819336,
        3.1125123500823975,
        3.7831854820251465,
        3.582792282104492,
        3.5135138034820557,
        3.719247817993164,
        3.697709798812866,
        3.8401939868927,
        3.177408456802368,
        3.6138617992401123,
        3.746124267578125,
        3.3498830795288086,
        3.676595687866211,
        3.8614940643310547,
        3.5659656524658203,
        3.489011287689209,
        3.5650322437286377,
        3.7334370613098145
    ],
    "3": [
        1.8879671096801758,
        1.9521124362945557,
        1.8982630968093872,
        2.0526673793792725,
        1.952843189239502,
        1.902735710144043,
        1.8996877670288086,
        2.0938124656677246,
        1.9852217435836792,
        1.884615182876587,
        1.8371680974960327,
        1.8838419914245605,
        1.8947367668151855,
        1.9416910409927368,
        2.114093780517578,
        2.0932834148406982,
        1.9147425889968872,
        1.9729728698730469,
        1.9599013328552246
    ],
    "4": [
        1.9281129837036133,
        1.9169695377349854,
        1.8866907358169556,
        2.022761583328247,
        2.1135616302490234,
        2.0880634784698486,
        1.9866443872451782,
        1.9569441080093384,
        1.9004271030426025,
        1.8743417263031006,
        2.0325732231140137,
        1.99762761592865,
        1.9178082942962646,
        1.9296773672103882,
        1.9113755226135254,
        2.0939524173736572,
        2.0959010124206543,
        1.9106305837631226,
        1.9718117713928223
    ],
    "5": [
        1.911057710647583,
        1.9090909957885742,
        1.840383529663086,
        1.8220642805099487,
        1.8456300497055054,
        1.894309163093567,
        1.8449147939682007,
        1.8283907175064087,
        1.8025974035263062,
        1.8380186557769775,
        2.0544474124908447,
        2.0608808994293213,
        2.019230842590332,
        1.8746613264083862,
        1.9340001344680786,
        1.8783003091812134,
        1.8333332538604736,
        1.9304348230361938,
        2.0061938762664795
    ],
    "6": [
        2.773730993270874,
        2.7757012844085693,
        2.738976001739502,
        2.7487847805023193,
        2.8863637447357178,
        2.9402544498443604,
        2.8146321773529053,
        2.9529500007629395,
        3.0067646503448486,
        3.054762125015259,
        2.8949458599090576,
        2.843252182006836,
        2.8228282928466797,
        2.8024845123291016,
        2.7720205783843994,
        2.7639427185058594,
        2.800921678543091,
        2.9211905002593994,
        3.0142855644226074
    ],
    "7": [
        2.853691577911377,
        2.8702890872955322,
        2.797297239303589,
        2.760061025619507,
        2.724137783050537,
        2.7717390060424805,
        2.7838423252105713,
        2.91304349899292,
        2.9314208030700684,
        2.8581457138061523,
        2.8942651748657227,
        2.7378909587860107,
        2.753762722015381,
        2.7609219551086426,
        2.908719778060913,
        3.0312767028808594,
        2.989409923553467,
        2.7868852615356445,
        2.708402156829834
    ]
}