{
    "1": {
        "aspectRatio": [
            3.2966668605804443,
            2.883561849594116,
            2.9133570194244385,
            1.8322582244873047,
            3.2686190605163574,
            2.8539326190948486,
            1.7777777910232544,
            3.156250238418579,
            3.2722508907318115,
            2.8236119747161865,
            1.7222223281860352,
            3.279762029647827,
            2.8761467933654785,
            3.316680669784546,
            1.8703700304031372,
            2.8584201335906982,
            2.7750003337860107,
            2.8581433296203613,
            4.253011703491211
        ],
        "circles": [
            -2013593600.0,
            -2013593600.0,
            -2013593600.0,
            -2013593600.0,
            -2013593600.0,
            -2013593600.0,
            -2013593600.0,
            -2013593600.0,
            -2013593600.0,
            -2013593600.0,
            -2013593600.0,
            -2013593600.0,
            -2013593600.0,
            -2013593600.0,
            -2013593600.0,
            -2013593600.0,
            -2013593600.0,
            -2013593600.0,
            -2013593600.0
        ],
        "color": [
            94.0,
            93.0,
            92.0,
            72.0,
            81.0,
            93.0,
            95.0,
            56.0,
            89.0,
            92.0,
            88.0,
            81.0,
            91.0,
            94.0,
            71.0,
            87.0,
            92.0,
            62.0,
            87.0
        ],
        "holes": [
            1.0,
            1.0,
            2.0,
            0.0,
            0.0,
            1.0,
            0.0,
            1.0,
            0.0,
            0.0,
            0.0,
            1.0,
            0.0,
            0.0,
            0.0,
            0.0,
            0.0,
            1.0,
            0.0
        ]
    },
    "2": {
        "aspectRatio": [
            3.4535715579986572,
            3.7905259132385254,
            3.01111102104187,
            3.6633665561676025,
            3.319399833679199,
            3.3052637577056885,
            3.5628745555877686,
            3.4980695247650146,
            3.7010862827301025,
            2.9936394691467285,
            3.520638942718506,
            3.532728672027588,
            3.166187286376953,
            3.474226951599121,
            3.6785330772399902,
            3.4014337062835693,
            3.2625539302825928,
            3.3281972408294678,
            3.562856912612915
        ],
        "circles": [
            -2013593472.0,
            -2013593600.0,
            -2013593472.0,
            -2013593600.0,
            -2013593472.0,
            -2013593472.0,
            -2013593472.0,
            -2013593472.0,
            -2013593600.0,
            -2013593472.0,
            -2013593600.0,
            -2013593472.0,
            -2013593600.0,
            -2013593600.0,
            -2013593472.0,
            -2013593472.0,
            -2013593472.0,
            -2013593472.0,
            -2013593472.0
        ],
        "color": [
            65.0,
            61.0,
            62.0,
            62.0,
            55.0,
            61.0,
            63.0,
            60.0,
            60.0,
            65.0,
            65.0,
            61.0,
            57.0,
            59.0,
            61.0,
            62.0,
            59.0,
            56.0,
            58.0
        ],
        "holes": [
            0.0,
            0.0,
            0.0,
            0.0,
            0.0,
            0.0,
            0.0,
            0.0,
            0.0,
            0.0,
            0.0,
            0.0,
            0.0,
            0.0,
            0.0,
            0.0,
            0.0,
            0.0,
            0.0
        ]
    },
    "3": {
        "aspectRatio": [
            2.0,
            2.092592477798462,
            4.895216464996338,
            1.779411792755127,
            2.278688430786133,
            1.933333396911621,
            1.957142949104309,
            2.1623377799987793,
            1.9402984380722046,
            2.1395347118377686,
            2.142857074737549,
            4.830416679382324,
            4.981524467468262,
            2.7757251262664795,
            1.9814815521240234,
            1.9007092714309692,
            2.7830193042755127,
            1.9642858505249023,
            2.1666667461395264
        ],
        "circles": [
            -2013593600.0,
            -2013593600.0,
            -2013593600.0,
            -2013593600.0,
            -2013593600.0,
            -2013593600.0,
            -2013593600.0,
            -2013593600.0,
            -2013593600.0,
            -2013593600.0,
            -2013593600.0,
            -2013593600.0,
            -2013593600.0,
            -2013593600.0,
            -2013593600.0,
            -2013593600.0,
            -2013593600.0,
            -2013593600.0,
            -2013593600.0
        ],
        "color": [
            85.0,
            62.0,
            89.0,
            89.0,
            92.0,
            95.0,
            77.0,
            71.0,
            68.0,
            70.0,
            55.0,
            92.0,
            89.0,
            91.0,
            76.0,
            79.0,
            90.0,
            76.0,
            76.0
        ],
        "holes": [
            0.0,
            0.0,
            0.0,
            0.0,
            0.0,
            0.0,
            0.0,
            0.0,
            0.0,
            0.0,
            0.0,
            0.0,
            0.0,
            0.0,
            0.0,
            0.0,
            0.0,
            0.0,
            0.0
        ]
    },
    "4": {
        "aspectRatio": [
            39.523807525634766,
            24.57143211364746,
            29.41791343688965,
            12.155171394348145,
            13.678571701049805,
            0.0,
            2.092421531677246,
            0.0,
            0.0,
            0.0,
            38.428585052490234,
            28.01571273803711,
            21.505830764770508,
            21.767858505249023,
            19.53202247619629,
            0.0,
            0.0,
            36.8041877746582,
            10.250000953674316
        ],
        "circles": [
            -2013593600.0,
            -2013593600.0,
            -2013593600.0,
            -2013593600.0,
            -2013593600.0,
            -2013593600.0,
            -2013593600.0,
            0.0,
            0.0,
            0.0,
            -2013593600.0,
            -2013593600.0,
            -2013593600.0,
            -2013593600.0,
            -2013593600.0,
            0.0,
            0.0,
            -2013593600.0,
            -2013593600.0
        ],
        "color": [
            68.0,
            67.0,
            60.0,
            57.0,
            60.0,
            64.0,
            87.0,
            0.0,
            0.0,
            0.0,
            81.0,
            66.0,
            51.0,
            51.0,
            66.0,
            0.0,
            0.0,
            64.0,
            53.0
        ],
        "holes": [
            0.0,
            0.0,
            0.0,
            0.0,
            0.0,
            0.0,
            0.0,
            0.0,
            0.0,
            0.0,
            0.0,
            0.0,
            0.0,
            0.0,
            0.0,
            0.0,
            0.0,
            0.0,
            0.0
        ]
    },